Workbook

Sheet Instructions
A1: 03 | Supply Chain Optimization Model
A3: Purpose | B3: Convert cost-driver findings into quantified savings initiatives and an implementation portfolio.
A4: Core logic | B4: Baseline cost × improvement assumption = gross savings; gross savings − implementation cost = net benefit.
A5: Priority | B5: Impact, feasibility, timing and confidence determine initiative priority.
A6: Important | B6: Savings assumptions are synthetic and require supplier, freight and inventory validation.

Sheet Savings_Model
A1: Savings Initiative Model
A3: ID | B3: Initiative | C3: Baseline Cost ₹cr | D3: Savings Rate % | E3: Gross Savings ₹cr | F3: Implementation Cost ₹cr | G3: Net Savings ₹cr | H3: Payback Months | I3: Confidence
A4: O01 | B4: Steel supplier negotiation | C4: 240 | D4: 7.5 | E4: =C4*D4/100 | F4: 2 | G4: =E4-F4 | H4: =IFERROR(F4/E4*12,"n/a") | I4: Medium
A5: O02 | B5: Electronics sourcing competition | C5: 174 | D5: 6.9 | E5: =C5*D5/100 | F5: 4 | G5: =E5-F5 | H5: =IFERROR(F5/E5*12,"n/a") | I5: Low–Medium
A6: O03 | B6: Freight lane consolidation | C6: 40 | D6: 20 | E6: =C6*D6/100 | F6: 1 | G6: =E6-F6 | H6: =IFERROR(F6/E6*12,"n/a") | I6: Medium
A7: O04 | B7: Mode optimization | C7: 40 | D7: 12.5 | E7: =C7*D7/100 | F7: 1.5 | G7: =E7-F7 | H7: =IFERROR(F7/E7*12,"n/a") | I7: Low–Medium
A8: O05 | B8: Inventory parameter reset | C8: 490 | D8: 8 | E8: =C8*D8/100 | F8: 2 | G8: =E8-F8 | H8: =IFERROR(F8/E8*12,"n/a") | I8: Medium
A9: O06 | B9: Slow-moving inventory reduction | C9: 490 | D9: 4 | E9: =C9*D9/100 | F9: 1 | G9: =E9-F9 | H9: =IFERROR(F9/E9*12,"n/a") | I9: Medium
A11: TOTAL | E11: =SUM(E4:E9) | F11: =SUM(F4:F9) | G11: =SUM(G4:G9)

Sheet Prioritization
A1: Initiative Prioritization
A3: ID | B3: Initiative | C3: Net Savings ₹cr | D3: Impact Score 1-5 | E3: Feasibility 1-5 | F3: Speed 1-5 | G3: Confidence 1-5 | H3: Priority Score | I3: Priority
A4: O01 | B4: Steel supplier negotiation | C4: =Savings_Model!G4 | D4: 5 | E4: 4 | F4: 5 | G4: 3 | H4: =D4*30%+E4*30%+F4*20%+G4*20% | I4: =IF(H4>=4.0,"Priority 1",IF(H4>=3.2,"Priority 2","Priority 3"))
A5: O02 | B5: Electronics sourcing competition | C5: =Savings_Model!G5 | D5: 4 | E5: 2 | F5: 3 | G5: 2 | H5: =D5*30%+E5*30%+F5*20%+G5*20% | I5: =IF(H5>=4.0,"Priority 1",IF(H5>=3.2,"Priority 2","Priority 3"))
A6: O03 | B6: Freight lane consolidation | C6: =Savings_Model!G6 | D6: 3 | E6: 4 | F6: 5 | G6: 3 | H6: =D6*30%+E6*30%+F6*20%+G6*20% | I6: =IF(H6>=4.0,"Priority 1",IF(H6>=3.2,"Priority 2","Priority 3"))
A7: O04 | B7: Mode optimization | C7: =Savings_Model!G7 | D7: 3 | E7: 3 | F7: 3 | G7: 2 | H7: =D7*30%+E7*30%+F7*20%+G7*20% | I7: =IF(H7>=4.0,"Priority 1",IF(H7>=3.2,"Priority 2","Priority 3"))
A8: O05 | B8: Inventory parameter reset | C8: =Savings_Model!G8 | D8: 5 | E8: 4 | F8: 4 | G8: 3 | H8: =D8*30%+E8*30%+F8*20%+G8*20% | I8: =IF(H8>=4.0,"Priority 1",IF(H8>=3.2,"Priority 2","Priority 3"))
A9: O06 | B9: Slow-moving inventory reduction | C9: =Savings_Model!G9 | D9: 4 | E9: 4 | F9: 4 | G9: 3 | H9: =D9*30%+E9*30%+F9*20%+G9*20% | I9: =IF(H9>=4.0,"Priority 1",IF(H9>=3.2,"Priority 2","Priority 3"))

Sheet Savings_Bridge
A1: Savings Bridge
A3: Metric | B3: Value ₹cr
A4: Baseline modeled opportunity | B4: =SUM(Savings_Model!E4:E9)
A5: Implementation cost | B5: =SUM(Savings_Model!F4:F9)
A6: Net annual savings | B6: =SUM(Savings_Model!G4:G9)
A7: Gross savings % of baseline procurement + logistics + inventory pool | B7: =B4/(240+174+40+490)

Sheet Implementation_90_Day
A1: 90-Day Savings Plan
A3: Workstream | B3: Days 0–30 | C3: Days 31–60 | D3: Days 61–90 | E3: Owner | F3: KPI
A4: Steel sourcing | B4: Benchmark price; supplier RFQ | C4: Negotiate / dual-source | D4: Award and implement | E4: Procurement | F4: ₹/ton vs baseline
A5: Freight | B5: Validate lanes and rates | C5: Tender priority lanes | D5: Award carriers | E5: Logistics | F5: ₹/shipment
A6: Inventory | B6: SKU aging + policy review | C6: Reset parameters | D6: Track service + inventory | E6: Planning | F6: Turns / inventory ₹
A7: Electronics | B7: Specification review | C7: Alternate supplier qualification | D7: RFQ / nomination | E7: Procurement + Engineering | F7: Unit price / quality

Sheet Sensitivity
A1: Savings Sensitivity
A3: Net annual savings sensitivity to average savings rate
A4: Rate | B4: Net Savings ₹cr
A5: 0.04 | B5: =(0.04)*(240+174+40+490)-SUM(Savings_Model!F4:F9)
A6: 0.05 | B6: =(0.05)*(240+174+40+490)-SUM(Savings_Model!F4:F9)
A7: 0.06 | B7: =(0.06)*(240+174+40+490)-SUM(Savings_Model!F4:F9)
A8: 0.07 | B8: =(0.07)*(240+174+40+490)-SUM(Savings_Model!F4:F9)
A9: 0.08 | B9: =(0.08)*(240+174+40+490)-SUM(Savings_Model!F4:F9)
A10: 0.09 | B10: =(0.09)*(240+174+40+490)-SUM(Savings_Model!F4:F9)
A11: 0.1 | B11: =(0.1)*(240+174+40+490)-SUM(Savings_Model!F4:F9)

Sheet Validation_Checks
A1: Model Checks
A3: Check | B3: Test
A4: Gross savings formula | B4: =IF(ABS(Savings_Model!E4-Savings_Model!C4*Savings_Model!D4/100)<0.01,"PASS","CHECK")
A5: Net savings formula | B5: =IF(ABS(Savings_Model!G4-(Savings_Model!E4-Savings_Model!F4))<0.01,"PASS","CHECK")
A6: Priority score formula | B6: =IF(Prioritization!H4>0,"PASS","CHECK")
A7: Implementation plan | B7: =IF(COUNTA(Implementation_90_Day!A4:A7)=4,"PASS","CHECK")
