Workbook

Sheet Instructions
A1: 02 | Supply Chain Cost Analysis
A3: Purpose | B3: Create a synthetic but auditable baseline of procurement, freight and inventory costs.
A4: Currency | B4: ₹ crore unless stated otherwise.
A5: Period | B5: FY2027 base year.
A6: Flow | B6: Spend → supplier/category → logistics → inventory → cost drivers.
A7: Important | B7: All transaction-level data in this workbook are synthetic case data.

Sheet Procurement_Spend
A1: Procurement Spend Baseline
A3: Supplier | B3: Category | C3: Annual Volume | D3: Unit Price ₹ | E3: Spend ₹cr | F3: Supplier Share | G3: Category | H3: Savings Flag
A4: Supplier A | B4: Steel | C4: 42000 | D4: 62000 | E4: =C4*D4/10000000 | F4: =E4/SUM($E$4:$E$13) | G4: Direct Material | H4: High
A5: Supplier B | B5: Steel | C5: 30000 | D5: 63500 | E5: =C5*D5/10000000 | F5: =E5/SUM($E$4:$E$13) | G5: Direct Material | H5: High
A6: Supplier C | B6: Aluminium | C6: 16000 | D6: 218000 | E6: =C6*D6/10000000 | F6: =E6/SUM($E$4:$E$13) | G6: Direct Material | H6: Medium
A7: Supplier D | B7: Plastics | C7: 18000 | D7: 92000 | E7: =C7*D7/10000000 | F7: =E7/SUM($E$4:$E$13) | G7: Direct Material | H7: Medium
A8: Supplier E | B8: Electronics | C8: 12000 | D8: 145000 | E8: =C8*D8/10000000 | F8: =E8/SUM($E$4:$E$13) | G8: Direct Material | H8: High
A9: Supplier F | B9: Fasteners | C9: 28000 | D9: 28000 | E9: =C9*D9/10000000 | F9: =E9/SUM($E$4:$E$13) | G9: Direct Material | H9: Medium
A10: Supplier G | B10: Packaging | C10: 22000 | D10: 18000 | E10: =C10*D10/10000000 | F10: =E10/SUM($E$4:$E$13) | G10: Indirect | H10: Low
A11: Supplier H | B11: Chemicals | C11: 9000 | D11: 115000 | E11: =C11*D11/10000000 | F11: =E11/SUM($E$4:$E$13) | G11: Direct Material | H11: Medium
A12: Supplier I | B12: Rubber | C12: 11000 | D12: 88000 | E12: =C12*D12/10000000 | F12: =E12/SUM($E$4:$E$13) | G12: Direct Material | H12: Medium
A13: Supplier J | B13: Other | C13: 10000 | D13: 55000 | E13: =C13*D13/10000000 | F13: =E13/SUM($E$4:$E$13) | G13: Indirect | H13: Low
A15: TOTAL | E15: =SUM(E4:E13) | F15: =SUM(F4:F13)

Sheet Category_Summary
A1: Category Spend Summary
A3: Category | B3: Spend ₹cr | C3: Share | D3: Supplier Count | E3: Savings Focus
A4: Steel | B4: =SUMIF(Procurement_Spend!B4:B13,A4,Procurement_Spend!E4:E13) | C4: =B4/Procurement_Spend!E15 | D4: =COUNTIF(Procurement_Spend!B4:B13,A4) | E4: High
A5: Aluminium | B5: =SUMIF(Procurement_Spend!B4:B13,A5,Procurement_Spend!E4:E13) | C5: =B5/Procurement_Spend!E15 | D5: =COUNTIF(Procurement_Spend!B4:B13,A5) | E5: Medium
A6: Plastics | B6: =SUMIF(Procurement_Spend!B4:B13,A6,Procurement_Spend!E4:E13) | C6: =B6/Procurement_Spend!E15 | D6: =COUNTIF(Procurement_Spend!B4:B13,A6) | E6: Medium
A7: Electronics | B7: =SUMIF(Procurement_Spend!B4:B13,A7,Procurement_Spend!E4:E13) | C7: =B7/Procurement_Spend!E15 | D7: =COUNTIF(Procurement_Spend!B4:B13,A7) | E7: High
A8: Fasteners | B8: =SUMIF(Procurement_Spend!B4:B13,A8,Procurement_Spend!E4:E13) | C8: =B8/Procurement_Spend!E15 | D8: =COUNTIF(Procurement_Spend!B4:B13,A8) | E8: Medium
A9: Packaging | B9: =SUMIF(Procurement_Spend!B4:B13,A9,Procurement_Spend!E4:E13) | C9: =B9/Procurement_Spend!E15 | D9: =COUNTIF(Procurement_Spend!B4:B13,A9) | E9: Medium
A10: Chemicals | B10: =SUMIF(Procurement_Spend!B4:B13,A10,Procurement_Spend!E4:E13) | C10: =B10/Procurement_Spend!E15 | D10: =COUNTIF(Procurement_Spend!B4:B13,A10) | E10: Medium
A11: Rubber | B11: =SUMIF(Procurement_Spend!B4:B13,A11,Procurement_Spend!E4:E13) | C11: =B11/Procurement_Spend!E15 | D11: =COUNTIF(Procurement_Spend!B4:B13,A11) | E11: Medium
A12: Other | B12: =SUMIF(Procurement_Spend!B4:B13,A12,Procurement_Spend!E4:E13) | C12: =B12/Procurement_Spend!E15 | D12: =COUNTIF(Procurement_Spend!B4:B13,A12) | E12: Medium
A14: TOTAL | B14: =SUM(B4:B12) | C14: =SUM(C4:C12)

Sheet Logistics
A1: Inbound Logistics Cost
A3: Lane | B3: Mode | C3: Annual Shipments | D3: Avg Freight / Shipment ₹ | E3: Freight Cost ₹cr | F3: Cost / Unit ₹ | G3: Optimization Potential
A4: North → Plant | B4: Road | C4: 900 | D4: 68000 | E4: =C4*D4/10000000 | F4: =E4/C4*10000000 | G4: High
A5: West → Plant | B5: Road | C5: 700 | D5: 82000 | E5: =C5*D5/10000000 | F5: =E5/C5*10000000 | G5: High
A6: South → Plant | B6: Road | C6: 650 | D6: 54000 | E6: =C6*D6/10000000 | F6: =E6/C6*10000000 | G6: Medium
A7: Port → Plant | B7: Road | C7: 420 | D7: 115000 | E7: =C7*D7/10000000 | F7: =E7/C7*10000000 | G7: High
A8: Local suppliers | B8: Road | C8: 1200 | D8: 18000 | E8: =C8*D8/10000000 | F8: =E8/C8*10000000 | G8: Medium
A9: Interstate | B9: Rail | C9: 180 | D9: 145000 | E9: =C9*D9/10000000 | F9: =E9/C9*10000000 | G9: Medium
A10: TOTAL | E10: =SUM(E4:E9)

Sheet Inventory
A1: Inventory Cost Baseline
A3: Category | B3: Average Inventory ₹cr | C3: Annual Consumption ₹cr | D3: Inventory Turns | E3: Carrying Cost % | F3: Annual Carrying Cost ₹cr | G3: Opportunity
A4: Steel | B4: 115 | C4: 900 | D4: =C4/B4 | E4: 18 | F4: =B4*E4 | G4: High
A5: Aluminium | B5: 85 | C5: 650 | D5: =C5/B5 | E5: 18 | F5: =B5*E5 | G5: Medium
A6: Plastics | B6: 55 | C6: 420 | D6: =C6/B6 | E6: 18 | F6: =B6*E6 | G6: Medium
A7: Electronics | B7: 95 | C7: 580 | D7: =C7/B7 | E7: 20 | F7: =B7*E7 | G7: High
A8: Fasteners | B8: 42 | C8: 240 | D8: =C8/B8 | E8: 18 | F8: =B8*E8 | G8: Medium
A9: Packaging | B9: 25 | C9: 110 | D9: =C9/B9 | E9: 15 | F9: =B9*E9 | G9: Low
A10: Chemicals | B10: 38 | C10: 210 | D10: =C10/B10 | E10: 18 | F10: =B10*E10 | G10: Medium
A11: Rubber | B11: 35 | C11: 180 | D11: =C11/B11 | E11: 18 | F11: =B11*E11 | G11: Medium
A12: TOTAL | B12: =SUM(B4:B11) | F12: =SUM(F4:F11)

Sheet Cost_Driver_Tree
A1: Supply Chain Cost Driver Tree
A3: Cost Pool | B3: Base Cost ₹cr | C3: Share | D3: Primary Driver | E3: Diagnostic Question
A4: Procurement | B4: =Procurement_Spend!E15 | C4: =B4/SUM($B$4:$B$6) | D4: Price × volume | E4: Which categories/suppliers are above benchmark?
A5: Freight | B5: =Logistics!E10 | C5: =B5/SUM($B$4:$B$6) | D5: Rate × shipment | E5: Which lanes/modes are structurally expensive?
A6: Inventory Carrying | B6: =Inventory!F12 | C6: =B6/SUM($B$4:$B$6) | D6: Inventory × carrying rate | E6: Where are turns below target?

Sheet Opportunity_Register
A1: Initial Savings Opportunity Register
A3: ID | B3: Opportunity | C3: Cost Pool | D3: Estimated Gross Savings ₹cr | E3: Implementation Effort | F3: Timing | G3: Confidence | H3: Next Action
A4: O01 | B4: Steel supplier negotiation | C4: Procurement | D4: 18 | E4: Medium | F4: 0–3 months | G4: Medium | H4: Benchmark price and run sourcing event
A5: O02 | B5: Electronics sourcing / supplier competition | C5: Procurement | D5: 12 | E5: High | F5: 3–6 months | G5: Low–Medium | H5: Validate specifications and alternate suppliers
A6: O03 | B6: Freight lane consolidation | C6: Logistics | D6: 8 | E6: Medium | F6: 0–3 months | G6: Medium | H6: Tender priority lanes
A7: O04 | B7: Mode optimization | C7: Logistics | D7: 5 | E7: Medium | F7: 3–6 months | G7: Low–Medium | H7: Validate service-level feasibility
A8: O05 | B8: Inventory parameter reset | C8: Inventory | D8: 10 | E8: Medium | F8: 0–6 months | G8: Medium | H8: Review safety stock and reorder points
A9: O06 | B9: Slow-moving inventory reduction | C9: Inventory | D9: 6 | E9: Medium | F9: 0–6 months | G9: Medium | H9: SKU-level aging review

Sheet Source_Register
A1: Source & Assumption Register
A3: ID | B3: Source / Basis | C3: Use | D3: Status
A4: A01 | B4: Synthetic transaction-level case data | C4: All baseline calculations | D4: Synthetic
A5: A02 | B5: Industry procurement / logistics benchmarking | C5: Future validation of savings | D5: To be researched
A6: A03 | B6: Supplier quotations / RFQ results | C6: Future price validation | D6: To be researched
A7: A04 | B7: Freight tenders / lane benchmarks | C7: Future freight validation | D7: To be researched
A8: A05 | B8: Inventory policy and ERP data | C8: Future working-capital validation | D8: To be researched

Sheet Validation_Checks
A1: Model Checks
A3: Check | B3: Test | C3: Status
A4: Procurement total | B4: =IF(ABS(Procurement_Spend!E15-SUM(Procurement_Spend!E4:E13))<0.01,"PASS","CHECK")
A5: Supplier shares | B5: =IF(ABS(Procurement_Spend!F15-1)<0.001,"PASS","CHECK")
A6: Category total | B6: =IF(ABS(Category_Summary!B14-Procurement_Spend!E15)<0.01,"PASS","CHECK")
A7: Freight total | B7: =IF(ABS(Logistics!E10-SUM(Logistics!E4:E9))<0.01,"PASS","CHECK")
A8: Inventory carrying cost | B8: =IF(ABS(Inventory!F12-SUM(Inventory!F4:F11))<0.01,"PASS","CHECK")
